<?xml version="1.0" encoding="UTF-8"?>
<root>
  <item name="com.crb.cttic.pay.base.TriangleDrawable TriangleDrawable(int, int) 0">
    <annotation name="androidx.annotation.IntDef">
      <val name="value" val="{com.crb.cttic.pay.base.TriangleDrawable.TOP, com.crb.cttic.pay.base.TriangleDrawable.BOTTOM, com.crb.cttic.pay.base.TriangleDrawable.LEFT, com.crb.cttic.pay.base.TriangleDrawable.RIGHT}" />
    </annotation>
  </item>
  <item name="com.crb.cttic.pay.base.TriangleDrawable arrowDirection">
    <annotation name="androidx.annotation.IntDef">
      <val name="value" val="{com.crb.cttic.pay.base.TriangleDrawable.TOP, com.crb.cttic.pay.base.TriangleDrawable.BOTTOM, com.crb.cttic.pay.base.TriangleDrawable.LEFT, com.crb.cttic.pay.base.TriangleDrawable.RIGHT}" />
    </annotation>
  </item>
  <item name="com.crb.cttic.pay.base.TriangleDrawable.ARROWDIRECTION">
    <annotation name="androidx.annotation.IntDef">
      <val name="value" val="{com.crb.cttic.pay.base.TriangleDrawable.TOP, com.crb.cttic.pay.base.TriangleDrawable.BOTTOM, com.crb.cttic.pay.base.TriangleDrawable.LEFT, com.crb.cttic.pay.base.TriangleDrawable.RIGHT}" />
    </annotation>
  </item>
</root>

